description,content,title,timestamp,created_at,user
,,2026 - DailySocial.ID,2026-10-02T10:05:49+07:00,2026-10-02T10:05:49+07:00,
Who’s getting money from who,,funding Archives - DailySocial.ID,2026-09-24T10:35:18+07:00,2026-09-24T10:35:18+07:00,
,,fintech Archives - DailySocial.ID,2026-09-28T09:39:20+07:00,2026-09-28T09:39:20+07:00,
,,cryptocurrency Archives - DailySocial.ID,2026-07-24T10:17:33+07:00,2026-07-24T10:17:33+07:00,
,,AI Archives - DailySocial.ID,2026-06-23T13:34:04+07:00,2026-06-23T13:34:04+07:00,
,,SaaS Archives - DailySocial.ID,2025-08-27T15:06:06+07:00,2025-08-27T15:06:06+07:00,
"Di tengah target ambisius pemerintah membangun lebih dari 60 ribu Koperasi Merah Putih hingga akhir 2026, satu pertanyaan yang sering luput dari sorot...","Di tengah target ambisius pemerintah membangun lebih dari 60 ribu Koperasi Merah Putih hingga akhir 2026, satu pertanyaan yang sering luput dari sorotan adalah: siapa yang akan membangun sistem di baliknya? Kementerian Koperasi (Kemenkop), bersama PEBS FEB Universitas Indonesia, mencoba menjawabnya lewat Hackathon Digital Cooperatives 2026 . Pekan ini, tiga tim yang dianggap paling siap menjawab tantangan itu resmi diumumkan. Ajang ini bukan hackathon akhir pekan biasa. Ratusan tim dari berbagai daerah mendaftar, tapi hanya segelintir yang lolos ke tahap kurasi ide, boot camp, dan sesi mentoring intensif bersama praktisi AI, produk, hingga investasi, sebelum akhirnya bertarung merancang prototipe dalam kompetisi 24 jam. Hasilnya: tiga solusi dengan pendekatan yang cukup berbeda satu sama lain, tapi sama-sama menyasar celah operasional yang selama ini bikin koperasi sulit naik kelas. Tim Daulat membawa pulang gelar juara pertama lewat Pramana AI, solusi yang dirancang untuk membantu operasional koperasi berbasis kecerdasan buatan, semacam co-pilot digital untuk pengurus koperasi yang selama ini masih mengandalkan pencatatan manual. Di posisi kedua, JJJ Labs menghadirkan Simulasi Koperasi, alat bantu pengambilan keputusan yang memungkinkan pengurus menguji skenario bisnis sebelum benar-benar mengeksekusinya di lapangan, pendekatan yang jarang ditemukan di ekosistem koperasi Indonesia, yang selama ini lebih banyak jalan berdasarkan insting ketimbang data. Sementara juara ketiga, Koperasi Link (Koplink) , menyasar persoalan yang lebih spesifik: orkestrasi rantai pasok lokal untuk Satuan Pelayanan Pemenuhan Gizi (SPPG), irisan menarik antara digitalisasi koperasi dan program gizi berbasis komunitas yang jadi prioritas pemerintah saat ini. Ketiganya punya benang merah yang sama: bukan sekadar aplikasi pencatatan sederhana, tapi upaya menjawab masalah tata kelola dan efisiensi yang selama ini jadi penghambat utama koperasi untuk tumbuh. Kenapa hackathon ini digelar sekarang Waktunya tidak kebetulan. Pengumuman ini muncul persis di sekitar peringatan Hari Koperasi Nasional, dan menjadi bagian dari dorongan digitalisasi yang lebih besar lewat program Koperasi Desa/Kelurahan Merah Putih, sebuah inisiatif strategis nasional yang sejak diluncurkan pertengahan 2025 sudah membentuk ribuan unit koperasi baru di berbagai desa. Tulang punggung digitalnya adalah Simkopdes, sistem informasi manajemen yang menurut data Kemenkop kini sudah mengintegrasikan lebih dari 92 persen Koperasi Merah Putih yang terbentuk. Angka itu penting untuk memahami konteks hackathon ini. Kemenkop tidak sedang mencari ide dari nol. Mereka sudah punya infrastruktur data yang berjalan, dan yang dicari sekarang adalah lapisan aplikasi di atasnya: alat yang bisa dipakai pengurus koperasi sehari-hari, bukan sekadar dashboard pelaporan ke pusat. Di sisi lain, revisi Undang-Undang Perkoperasian yang tengah dibahas DPR, termasuk rencana bab khusus soal Koperasi Merah Putih dan pembentukan Lembaga Penjamin Simpanan untuk koperasi, menambah tekanan agar tata kelola koperasi makin rapi dan terukur. Digitalisasi, dalam konteks ini, bukan lagi pilihan, melainkan prasyarat. “Kami berharap solusi yang dihasilkan tidak berhenti sebagai prototipe, tetapi dikembangkan menjadi implementasi nyata bagi koperasi di seluruh Indonesia,” kata Deputi Bidang Kelembagaan dan Digitalisasi Koperasi Henra Saragih, saat mengumumkan para pemenang. Pernyataan itu sebetulnya menyentuh titik lemah klasik dari hampir semua hackathon pemerintah maupun korporasi: prototipe yang menang di panggung, tapi jarang benar-benar dipakai di lapangan. Kemenkop tampaknya sadar akan risiko ini. Program pembinaan pasca kompetisi, lewat kemitraan strategis dan uji coba implementasi, disebut sebagai kelanjutan wajib, bukan sekadar formalitas penutup acara. Ekosistem koperasi Indonesia jauh lebih fragmentasi dibanding sektor startup pada umumnya. Hal ini berarti tantangan sesungguhnya bagi Tim Daulat, JJJ Labs, dan Koplink dimulai setelah panggung hackathon usai. Share this: Share on Facebook (Opens in new window) Facebook Share on X (Opens in new window) X Like this: Like Loading…",Wajah Baru Koperasi Digital dari Hackathon Kemenkop 2026,2026-07-13T02:00:02+00:00,2026-07-13T02:00:02+00:00,Amir
"B2B Tech Asia Expo 2026 resmi dibuka hari ini di Grand Ballroom, Kuningan City, AXA Tower, Jakarta, mempertemukan pemimpin perusahaan, penyedia softwa...","B2B Tech Asia Expo 2026 resmi dibuka hari ini di Grand Ballroom, Kuningan City, AXA Tower, Jakarta, mempertemukan pemimpin perusahaan, penyedia software, pengembang AI, investor, hingga eksekutif transformasi digital dari berbagai negara di Asia. Acara ini diselenggarakan oleh VRIGroup bersama DailySocial Group. Pameran dua hari yang mengusung tema “The Dawn of Asia’s B2B Tech Mega Market” ini berhasil menarik sekitar 1.500 pengunjung pada hari pertama. Hari pembukaan diisi rangkaian keynote dan diskusi panel yang menyasar empat isu utama: adopsi AI di level enterprise, transformasi tenaga kerja, skalabilitas software, dan operasi berbasis data. Topik-topik ini mencerminkan pergeseran yang sedang terjadi di kawasan — Asia Tenggara kini dipandang bukan lagi pasar early-adopter, melainkan pasar B2B yang sudah matang. “Asia Tenggara telah melewati fase adopsi awal perangkat digital. Kita memasuki periode di mana integrasi AI dan software menjadi fundamental bagi operasi dan penskalaan perusahaan,” kata Yuiichiro Sasaki, Founder & CEO VRIGroup, dalam sambutannya. Rama Mamuaya, Founder & CEO DailySocial Group, menekankan peran ekshibisi ini sebagai ruang eksekusi bagi pengambil keputusan perusahaan yang tengah mencari solusi AI dan software B2B untuk merespons pergeseran ekonomi menuju produktivitas yang lebih tinggi. Tidak sekadar ajang pamer produk, tapi tempat transaksi dan evaluasi solusi benar-benar terjadi. Ekshibisi dan matchmaking perusahaan B2B Software Selain sesi diskusi, area ekshibisi B2B Tech Asia Expo 2026 menghadirkan platform AI, produk software enterprise, teknologi komputasi awan, HR tech, infrastruktur fintech, solusi keamanan siber, hingga alat otomatisasi dari penyedia regional maupun internasional. Pameran berlanjut pada 2 Juli dengan program yang berfokus pada skalabilitas inovasi perusahaan, operasi software lintas batas, business matchmaking, serta arah jangka panjang ekosistem teknologi enterprise Asia. Share this: Share on Facebook (Opens in new window) Facebook Share on X (Opens in new window) X Like this: Like Loading…",B2B Tech Asia Expo 2026 Resmi Dibuka di Tengah Meningkatnya Adopsi AI Enterprise di Asia Tenggara,2026-07-01T03:20:16+00:00,2026-07-01T03:20:16+00:00,Amir
"Kementerian Perdagangan menandatangani revisi Permendag 31/2023 untuk memperkuat ekosistem perdagangan digital dan daya saing produk lokal, terutama U...","Kementerian Perdagangan menandatangani revisi Permendag 31/2023 untuk memperkuat ekosistem perdagangan digital dan daya saing produk lokal, terutama UMKM. Aturan baru ini menggantikan ketentuan sebelumnya tentang perizinan, periklanan, pembinaan, dan pengawasan pelaku usaha dalam perdagangan melalui sistem elektronik. Regulasi Baru PMSE Menteri Perdagangan Budi Santoso menegaskan revisi regulasi PMSE difokuskan pada lima aspek utama, yakni peningkatan visibilitas produk lokal, fasilitasi legalitas pelaku usaha, transparansi kemitraan platform digital, penguatan perlindungan konsumen, dan penguatan tata kelola teknologi digital. Ia menyebut penyempurnaan aturan ini ditujukan untuk membangun ekosistem perdagangan digital yang adil, sehat, dan bermanfaat, sekaligus mendukung daya saing produk dalam negeri serta perlindungan konsumen. Dalam revisi tersebut, pemerintah mengatur prioritas visibilitas produk UMKM dan produk dalam negeri di platform digital, kewajiban perizinan berusaha bagi pedagang, transparansi biaya dan kebijakan promosi platform, serta insentif promosi bagi UMKM. Aturan lain mencakup penyediaan mekanisme pengaduan dan sengketa oleh platform, pemanfaatan kecerdasan buatan untuk promosi dan pemasaran, serta perlindungan dari praktik perdagangan tidak sehat. Dua Model Bisnis Revisi ini juga menambahkan dua model bisnis Penyelenggara PMSE, yakni ride-hailing dan online travel agent (OTA). Ride-hailing didefinisikan sebagai sistem elektronik di bidang transportasi darat yang dapat disertai fitur perdagangan barang atau jasa sebagai layanan tambahan, sementara pengaturannya hanya menyasar transaksi jual beli barang, bukan layanan transportasinya. Sementara itu, OTA mencakup penjualan atau pemesanan layanan perjalanan, baik secara langsung maupun melalui fasilitasi transaksi tiket transportasi, akomodasi, atraksi, dan paket perjalanan. Masa Transisi Pemerintah memberi masa tenggang bagi pelaku usaha untuk memenuhi kewajiban perizinan berusaha agar proses transisi menuju ekosistem perdagangan digital yang lebih formal dapat berjalan bertahap. Mendag Busan juga menegaskan pemerintah akan terus mendampingi pelaku usaha melalui sosialisasi, pelatihan, promosi, serta kegiatan daring dan luring agar ekosistem digital yang sehat dapat terbentuk bersama. Share this: Share on Facebook (Opens in new window) Facebook Share on X (Opens in new window) X Like this: Like Loading…","Kemendag Revisi Regulasi E-commerce, Atur Produk Lokal, OTA, dan Ride-Hailing",2026-06-05T13:51:17+00:00,2026-06-05T13:51:17+00:00,Randi Eka
"Pendanaan startup Indonesia turun lebih dari 90% dalam empat tahun terakhir. Dari puncak USD 4,7 miliar di 2021, angkanya kini diperkirakan di bawah U...","Pendanaan startup Indonesia turun lebih dari 90% dalam empat tahun terakhir. Dari puncak USD 4,7 miliar di 2021, angkanya kini diperkirakan di bawah USD 500 juta pada akhir 2025. Sementara itu, Singapura tetap stabil di kisaran USD 4–5 miliar per tahun. Vietnam justru tumbuh dalam tiga tahun terakhir. Malaysia mulai menarik investor global dengan paket insentif fiskal. Kalau penurunan Indonesia hanya soal normalisasi pasca-pandemi atau suku bunga global, kita harusnya melihat pola serupa di tetangga. Faktanya tidak. Ada variabel lain yang membedakan — dan salah satunya makin sulit diabaikan: ketidakpastian hukum seputar keputusan investasi. Kenapa modal ventura beda dari yang lain Investasi di startup tahap awal bukan investasi biasa. Berbeda dengan instrumen keuangan konvensional yang punya data historis dan tingkat prediktabilitas relatif tinggi, modal ventura beroperasi di ranah ketidakpastian yang jauh lebih dalam. Riset Harvard Business School (Gompers & Lerner, 2020) menunjukkan polanya: 30–40% investasi VC berakhir rugi total. Lebih dari separuh startup yang didanai tidak pernah memberi imbal hasil berarti. Hanya 5–10% yang menghasilkan return signifikan. Ini bukan kegagalan tata kelola. Ini distribusi probabilitas yang melekat pada investasi inovasi. Investor profesional menjalankan due diligence berlapis — uji tuntas hukum, keuangan, teknis, wawancara pelanggan, verifikasi referensi pendiri. Tapi tidak ada due diligence, setebal apa pun, yang bisa mengeliminasi sepenuhnya risiko adverse selection atau moral hazard. Ketika pendiri startup dengan sengaja memalsukan laporan keuangan, menciptakan pendapatan fiktif, atau menyembunyikan liabilitas, investor profesional sekalipun bisa jadi korban. Dalam literatur ekonomi, ini dikenal sebagai principal-agent problem. Pertanyaannya: kalau keputusan investasi yang sudah melalui prosedur profesional — lalu gagal karena fraud pihak ketiga — bisa berujung tuntutan pidana, di mana batas antara risiko bisnis yang wajar dan kelalaian yang bisa dipidana? Apa yang sebenarnya terjadi di ekosistem Tren pelarian aktivitas pendanaan bisa dijelaskan lewat empat mekanisme yang saling memperkuat. Efek jera pada investor . Ketika keputusan investasi yang gagal bisa berujung proses pidana, kalkulasi risiko berubah secara fundamental. Bukan hanya risiko finansial, tapi juga risiko hukum personal. Dalam bahasa ekonomi, ini peningkatan implicit cost of investing. Investor yang rasional merespons dengan menarik diri. Fragmentasi ekosistem . Modal ventura bukan cuma soal uang. Ekosistemnya terdiri dari angel investor, VC, korporasi, inkubator, akselerator, universitas, dan regulator. Ketika investor institusional mundur, seluruh rantai pendanaan terganggu — inkubator kehilangan mitra, akselerator kehilangan sponsor, founder kehilangan akses ke modal tahap lanjutan. Capital flight . Modal itu mobile. Ketika kepastian hukum memburuk di satu yurisdiksi, modal mengalir ke tempat yang lebih stabil. Data Bank Indonesia menunjukkan tren peningkatan net outflow investasi portofolio dari sektor teknologi sejak awal 2024. Setiap dolar yang keluar untuk dialokasikan ke startup yang terdaftar di luar negeri adalah dolar yang tidak lagi menciptakan lapangan kerja di dalam negeri. Brain drain . Founder dan talenta terbaik mengikuti ke mana modal pergi. Sudah mulai terlihat tren pendirian perusahaan oleh founder Indonesia di bawah entitas Singapura — bukan terutama soal pajak, tapi soal kepastian hukum. Dalam jangka panjang, Indonesia berpotensi kehilangan generasi wirausahawan teknologi berikutnya. Business Judgment Rule: Doktrin yang sudah teruji Indonesia bukan negara pertama yang menghadapi persoalan ini. Banyak yurisdiksi dengan ekosistem VC matang sudah punya kerangka perlindungan hukum yang spesifik, dikenal sebagai Business Judgment Rule (BJR). BJR melindungi direktur, komisaris, dan pengambil keputusan profesional dari tuntutan pidana atau perdata selama empat syarat terpenuhi: Keputusan dibuat dengan itikad baik (good faith). Keputusan didasarkan pada informasi yang memadai (informed decision). Tidak ada benturan kepentingan (no conflict of interest). Keputusan diambil demi kepentingan terbaik entitas yang dikelola. Doktrin ini diadopsi luas di Amerika Serikat — khususnya Delaware, yurisdiksi dominan untuk pendirian perusahaan teknologi — lewat preseden Smith v. Van Gorkom (1985) dan dikodifikasi dalam Delaware General Corporation Law. Singapura mengadopsi prinsip serupa di Companies Act. Inggris, Australia, dan Kanada punya variannya sendiri di kerangka common law. Penting dicatat: BJR bukan kekebalan mutlak. Kalau investor terlibat kolusi, menerima suap, atau mengambil keputusan tanpa due diligence yang memadai, BJR tidak melindunginya. Yang dilindungi adalah itikad baik dan proses profesional — bukan hasil akhir yang menguntungkan. Yang dipertaruhkan ke depan Tanpa kerangka yang lebih jelas, dampaknya akan bersifat kumulatif: 2026–2028 . VC institusional mengurangi aktivitas pendanaan baru secara signifikan. Portofolio existing dikelola defensif. Pendanaan untuk startup tahap awal sangat terbatas. 2028–2030 . Startup tahap awal kesulitan mendapatkan pendanaan dari sumber domestik. Founder beralih ke sumber asing dengan tiket lebih kecil dan persyaratan lebih ketat. 2030–2035 . Indonesia berpotensi kehilangan posisinya sebagai salah satu ekosistem startup terkemuka di Asia Tenggara. Inovasi terpusat di negara tetangga. Ekonomi digital — yang menyumbang sekitar 4–5% PDB nasional — tertinggal. Yang paling kena dampaknya bukan investor atau founder. Yang paling kena adalah penerima manfaat langsung ekosistem digital: jutaan mitra pengemudi, pelaku UMKM yang bergantung pada platform digital, dan tenaga kerja terampil di sektor teknologi. Yang bisa dilakukan Yang dibutuhkan bukan kekebalan untuk investor. Yang dibutuhkan adalah kerangka yang lebih jelas — penegakan hukum yang konsisten membedakan antara fraud (tindakan melawan hukum) dengan business judgment (keputusan profesional dengan itikad baik yang hasilnya tidak menguntungkan). Beberapa langkah yang bisa dipertimbangkan: Adopsi formal Business Judgment Rule untuk investasi profesional — bisa lewat revisi UU Perseroan Terbatas, Peraturan Pemerintah, atau peraturan OJK. Pedoman penegakan hukum yang membedakan antara investment negligence dan failed investment judgment. Dialog struktural antara pelaku industri VC, regulator, dan aparat penegak hukum untuk membangun pemahaman bersama tentang risiko investasi pada startup tahap awal. Penguatan tata kelola internal institusi investasi — standar due diligence, transparansi portofolio, mekanisme whistleblowing. Inovasi tidak lahir dari kepastian mutlak. Inovasi lahir dari keberanian mengambil risiko yang diperhitungkan — dan keberanian itu butuh perlindungan kerangka hukum yang jelas. Ketika proses hukum tidak membedakan antara fraud dan business judgment, yang terancam bukan kepentingan segelintir individu. Yang terancam adalah masa depan ekonomi digital Indonesia. Share this: Share on Facebook (Opens in new window) Facebook Share on X (Opens in new window) X Like this: Like Loading…",Ketika Keputusan Investasi Bisa Berujung Pidana: Sinyal Bahaya bagi Ekonomi Digital Indonesia,2026-05-22T09:17:10+00:00,2026-05-22T09:17:10+00:00,mamuaya
Disney+ dan Vidio meluncurkan paket berlangganan bersama di Indonesia. Paket bernama Vidio Ultimate Disney+ All Screen Bundle ini dibanderol Rp129.000...,"Disney+ dan Vidio meluncurkan paket berlangganan bersama di Indonesia. Paket bernama Vidio Ultimate Disney+ All Screen Bundle ini dibanderol Rp129.000 per bulan untuk pelanggan dengan paket tahunan. Kolaborasi tersebut menjadi langkah strategis bagi kedua platform untuk memperluas basis pelanggan di tengah persaingan industri streaming Indonesia yang semakin ketat. Melalui paket ini, pelanggan dapat mengakses konten Vidio dan Disney+ dalam satu langganan. Vidio menghadirkan siaran olahraga, termasuk Liga Inggris, Liga Champions Eropa, serta BRI Super League. Platform tersebut juga menawarkan lebih dari 110 serial orisinal dan sinetron lokal. Sementara itu, Disney+ menyumbangkan katalog film dan serial populer dari Marvel, Star Wars, serta sejumlah tayangan Amerika dan Korea. Pelanggan Vidio juga akan mendapatkan akses terbatas ke koleksi Disney+ melalui fitur “Taste of Disney+”, yang berisi pilihan konten Disney yang dapat berubah secara berkala. Strategi memperkuat posisi di pasar Indonesia Kerja sama ini menandai perubahan posisi Disney+ di pasar streaming Indonesia. Disney+ memasuki Indonesia pada September 2020 melalui layanan Disney+ Hotstar dan bekerja sama dengan Telkomsel. Pada awal peluncurannya, Disney+ Hotstar menawarkan harga relatif terjangkau, yakni Rp39.000 per bulan. Strategi tersebut membantu Disney+ menarik sekitar 2,5 juta pelanggan berbayar pada Januari 2021, melampaui sejumlah pesaing seperti Viu, Vidio, dan Netflix. Jumlah pelanggan Disney+ Hotstar kemudian meningkat hingga lebih dari 5 juta pada 2022. Namun, perusahaan menaikkan harga berlangganan pada 2023 sebagai bagian dari strategi global untuk mengejar profitabilitas. Harga paket dasar Disney+ kini mencapai Rp65.000 per bulan. Perubahan harga tersebut turut memengaruhi posisi Disney+ di Indonesia. Berdasarkan data Media Partners Asia, Vidio menjadi platform streaming dengan jumlah pelanggan terbesar di Indonesia sejak 2023. Vidio juga telah memiliki lebih dari 6 juta pelanggan berbayar dan mencatatkan kinerja positif berdasarkan EBITDA sejak akhir 2025. Vidio memanfaatkan kekuatan konten olahraga Bagi Vidio, paket bersama ini dapat membantu menjaga pelanggan tetap berlangganan di luar musim kompetisi olahraga. Konten olahraga menjadi salah satu daya tarik utama Vidio. Namun, kompetisi sepak bola biasanya berhenti pada periode akhir Mei hingga Agustus. Dengan menghadirkan katalog Disney+, Vidio dapat menawarkan lebih banyak pilihan hiburan ketika tidak ada pertandingan besar. Paket tersebut hanya tersedia melalui tingkat langganan Vidio paling tinggi. Paket ini mencakup seluruh hak siar olahraga Vidio dan akses untuk menonton melalui televisi. Strategi tersebut menyasar rumah tangga yang memiliki lebih dari satu penonton. Riset internal Vidio menunjukkan bahwa 77% pengguna yang menonton melalui televisi terhubung biasanya menonton bersama sedikitnya tiga orang anggota keluarga. Persaingan dengan Netflix Kolaborasi Disney+ dan Vidio juga berlangsung ketika Netflix terus memperkuat posisinya di pasar Indonesia. Indonesia mencatat sekitar 26,9 juta langganan layanan streaming pada akhir 2025. Vidio memimpin berdasarkan jumlah pelanggan. Namun, Netflix masih unggul dalam jumlah waktu menonton dan pendapatan, menurut data Media Partners Asia. Netflix juga berencana menghadirkan paket berlangganan dengan dukungan iklan di Indonesia pada 2027. Di sejumlah negara Asia yang telah menyediakan paket tersebut, sekitar setengah pelanggan baru memilih opsi berbiaya lebih rendah itu. Kondisi tersebut membuat strategi Disney+ dan Vidio berbeda dari Netflix. Keduanya memilih menyasar rumah tangga premium melalui kombinasi konten olahraga, hiburan keluarga, serial lokal, dan tayangan internasional. Ujian pertama pada musim tanpa sepak bola Tantangan utama paket ini adalah mempertahankan pelanggan ketika kompetisi sepak bola memasuki masa jeda. Periode Juni hingga Agustus akan menjadi ujian penting bagi Vidio dan Disney+. Jika pelanggan tetap mempertahankan langganan selama musim tanpa pertandingan, paket tersebut dapat memperkuat retensi pelanggan kedua platform. Namun, jika pelanggan berhenti berlangganan setelah musim sepak bola berakhir, kerja sama ini belum sepenuhnya menyelesaikan persoalan utama industri streaming Indonesia, yaitu sensitivitas terhadap harga dan loyalitas pelanggan. Bagi Disney+, kerja sama ini juga menunjukkan perubahan strategi distribusi. Perusahaan yang sebelumnya mengandalkan Telkomsel untuk membangun basis pelanggan di Indonesia kini bekerja sama dengan Vidio, platform lokal yang berhasil mengambil alih posisi pemimpin pasar. Share this: Share on Facebook (Opens in new window) Facebook Share on X (Opens in new window) X Like this: Like Loading…","Vidio Gandeng Disney+ Menyatukan Konten Olahraga, Hiburan, dan Keluarga dalam Satu Langganan",2026-10-02T03:05:49+00:00,2026-10-02T03:05:49+00:00,Randi Eka
"Ant International memperkuat investasinya di perusahaan teknologi finansial Indonesia, DOKU. Bersamaan dengan itu, DOKU menunjuk salah satu pendirinya...","Ant International memperkuat investasinya di perusahaan teknologi finansial Indonesia, DOKU. Bersamaan dengan itu, DOKU menunjuk salah satu pendirinya, Himelda Renuat, sebagai CEO dan mengubah nama perusahaan menjadi DOKU by Antom. Antom merupakan merek pembayaran untuk merchant milik Ant International, unit global Ant Group yang berbasis di Singapura. DOKU menyatakan perusahaan akan tetap beroperasi dengan nama serta lisensi yang dimilikinya di Indonesia. Namun, data kepemilikan yang dilaporkan DealStreetAsia menunjukkan pengaruh Ant International lebih besar daripada istilah “investor strategis”. Sebuah perusahaan pemegang saham yang terafiliasi dengan Ant International memiliki 72,22 persen saham PT Digital Mitra Karyamas. Perusahaan tersebut kemudian menguasai 99,54 persen PT Nusa Satu Inti Artha, entitas hukum DOKU. Dengan struktur itu, kepemilikan efektif Ant International di DOKU diperkirakan mencapai sekitar 71,9 persen. Perhitungan tersebut berasal dari dokumen yang tercatat di Kementerian Hukum tertanggal 17 September 2026. Fokus pada pembayaran lintas negara Perubahan kepemimpinan dan merek ini melanjutkan kemitraan DOKU dengan Ant International yang diumumkan pada Februari 2026. Melalui kerja sama tersebut, DOKU akan menggabungkan jaringan pembayaran lokal, termasuk QRIS, dengan jaringan penerimaan pembayaran Antom dan 2C2P. Antom saat ini terhubung dengan lebih dari 600.000 titik pembayaran di berbagai negara. Integrasi tersebut ditujukan untuk membantu pelaku usaha Indonesia menerima pembayaran dari konsumen luar negeri. Sebaliknya, perusahaan asing dapat menggunakan metode pembayaran lokal untuk melayani konsumen di Indonesia. Layanan yang disiapkan mencakup pemrosesan transaksi multimata uang dan pembayaran lintas negara. DOKU dan Antom juga tengah mempertimbangkan pengembangan layanan pembiayaan modal kerja serta pengelolaan kas bagi merchant. “Fondasi kami tidak berubah. Yang berubah adalah jangkauan kami,” kata Himelda Renuat dalam pengumuman perusahaan. Gary Liu, CEO Antom, menyebut perubahan ini sebagai kelanjutan dari kemitraan yang telah dibangun sejak awal tahun, bukan perubahan arah bisnis. DOKU tetap menjadi infrastruktur lokal Didirikan pada 2007, DOKU merupakan salah satu pelopor gerbang pembayaran digital di Indonesia. Perusahaan menyediakan layanan pembayaran melalui kartu, transfer bank, dompet digital, dan QR code. DOKU mengklaim telah memproses transaksi untuk lebih dari 300.000 merchant, termasuk TikTok, Google, Garuda Indonesia, dan Prudential. Perusahaan juga memiliki enam izin Bank Indonesia yang mencakup layanan gerbang pembayaran, transfer dana, uang elektronik, dompet elektronik, pembayaran berbasis QR, dan pemungutan penerimaan negara bukan pajak. Pada 2025, nilai transaksi DOKU tumbuh 79 persen, berdasarkan keterangan perusahaan. Setelah Himelda ditunjuk sebagai CEO DOKU, Chris Yeo yang sebelumnya memimpin perusahaan sejak 2022 akan mengelola bisnis Antom di Filipina. Himelda juga menjabat sebagai Head of Antom Indonesia. Struktur kepemilikan dan aturan Indonesia Ant International menjadi pemegang saham mayoritas DOKU melalui perusahaan pemegang saham di Hong Kong dan Indonesia. Dalam struktur tersebut, PT Bina Fintek Utama tercatat memiliki 17,01 persen saham, sedangkan entitas investasi yang terafiliasi dengan Sinar Mas memiliki 10,77 persen. Modal disetor perusahaan induk tercatat sekitar Rp3,14 triliun. Dari jumlah tersebut, porsi Ant diperkirakan mencapai Rp2,27 triliun. Indonesia mewajibkan perusahaan penyelenggara pembayaran nonbank memenuhi ketentuan kepemilikan dan hak suara domestik. Aturan Bank Indonesia mensyaratkan sedikitnya 15 persen saham dan 51 persen hak suara berada di tangan pihak domestik. Dokumen yang dilaporkan tersebut belum merinci komposisi hak suara. Karena itu, struktur kepemilikan yang tersedia belum cukup untuk menyimpulkan apakah terdapat pelanggaran terhadap ketentuan tersebut. Bagi Ant International, DOKU memperluas pijakan di sektor pembayaran Indonesia. Ant Group sebelumnya telah memiliki kepentingan di sejumlah perusahaan teknologi finansial di Indonesia, termasuk DANA dan Akulaku, serta menguasai perusahaan pembayaran asal Singapura, 2C2P. Bagi DOKU, integrasi dengan jaringan Antom dapat membuka akses lebih luas ke pasar internasional. Namun, perubahan ini juga menempatkan perusahaan yang sebelumnya dikenal sebagai pelopor pembayaran digital Indonesia ke dalam jaringan pembayaran global yang dikendalikan Ant International. Share this: Share on Facebook (Opens in new window) Facebook Share on X (Opens in new window) X Like this: Like Loading…","Ant Perkuat Kendali atas DOKU, Himelda Renuat Jadi CEO",2026-09-28T02:39:20+00:00,2026-09-28T02:39:20+00:00,Randi Eka
"Pendiri sekaligus CEO Kopi Kenangan, Edward Tirtanata, dilaporkan menambah kepemilikannya di perusahaan bersama investor awal, Alpha JWC Ventures. Tra...","Pendiri sekaligus CEO Kopi Kenangan, Edward Tirtanata, dilaporkan menambah kepemilikannya di perusahaan bersama investor awal, Alpha JWC Ventures. Transaksi tersebut menjadi bagian dari penjualan saham sekunder yang nilainya diperkirakan mencapai US$70 juta. Berbeda dari pendanaan baru, transaksi sekunder merupakan perpindahan saham dari pemegang saham lama kepada investor baru atau pemegang saham yang sudah ada. Dengan demikian, dana transaksi tidak masuk ke kas perusahaan, melainkan diterima oleh pemegang saham yang menjual kepemilikannya. Alpha JWC Ventures menjadi salah satu pihak yang meningkatkan kepemilikannya . Perusahaan modal ventura tersebut merupakan investor awal Kopi Kenangan dan memimpin pendanaan tahap awal senilai US$8 juta pada 2018. Ini merupakan keputusan yang menarik karena pendiri dan investor awal menambah kepemilikan ketika sejumlah investor global mulai menjajaki penjualan saham. Investor global mulai mencari jalan exit Saham yang dijual dalam transaksi tersebut dikabarkan berasal dari sejumlah investor asing, termasuk GIC dan Peak XV Partners. Keduanya sebelumnya disebut tengah menjajaki penjualan sebagian kepemilikannya di Kopi Kenangan dengan valuasi perusahaan sekitar US$1,2 miliar hingga U$1,4 miliar. Penjualan saham sekunder menjadi salah satu cara bagi investor modal ventura untuk mengembalikan dana kepada pemodalnya. Banyak dana investasi yang masuk ke Kopi Kenangan pada periode 2018-2020 kini mendekati akhir siklus investasinya. Namun, pilihan exit bagi investor startup di Asia Tenggara masih terbatas. Pasar modal Indonesia baru memiliki sedikit contoh penawaran umum perdana dari perusahaan rintisan konsumen. Kopi Kenangan pertahankan kinerja positif Kopi Kenangan didirikan pada 2017 oleh Edward Tirtanata, James Prananto, dan Cynthia Chaerunnisa. Perusahaan memulai bisnisnya dari satu gerai di kawasan perkantoran Jakarta Selatan dengan modal sekitar US$15.000. Produk utamanya adalah es kopi susu gula aren yang dijual melalui gerai berkonsep layanan cepat dan aplikasi digital. Dengan harga sekitar Rp18.000 hingga Rp42.000 per gelas, Kopi Kenangan membidik konsumen yang menginginkan produk kopi premium dengan harga lebih terjangkau. Perusahaan kemudian menarik investasi dari sejumlah investor besar, termasuk Sequoia India, GIC, perusahaan investasi milik salah satu pendiri Facebook, serta kendaraan investasi yang terafiliasi dengan Serena Williams dan Jay-Z. Pada Desember 2021, Kopi Kenangan mengumumkan pendanaan Seri C senilai US$96 juta. Pendanaan tersebut mengantarkan perusahaan menjadi perusahaan rintisan sektor makanan dan minuman pertama di Asia Tenggara yang mencapai status unicorn . Total pendanaan yang dihimpun Kopi Kenangan disebut telah melampaui US$230 juta. Setelah mengalami kerugian selama pandemi, perusahaan membukukan laba tahunan untuk pertama kalinya pada 2025. Berdasarkan data yang dipublikasikan manajemen, pendapatan bersih Kopi Kenangan tumbuh 45 persen menjadi US$184 juta pada 2025. Pada periode yang sama, perusahaan mencatatkan laba bersih sebesar US$17 juta. Kopi Kenangan menutup 2025 dengan 1.324 gerai yang tersebar di enam negara. Bisnis perusahaan di Malaysia juga hampir menggandakan pendapatan dan mencatatkan laba operasional. Untuk 2026, manajemen menargetkan pembukaan lebih dari 500 gerai baru. Ekspansi tersebut diharapkan meningkatkan jumlah gerai menjadi 1.848, dengan target pendapatan US$265 juta dan laba bersih US$29 juta. Rencana IPO masih menunggu keputusan Kopi Kenangan sebelumnya dikabarkan tengah melakukan pembicaraan awal dengan sejumlah bank terkait rencana IPO. Indonesia dan Singapura menjadi salah satu bursa yang dipertimbangkan, dengan perkiraan valuasi hingga US$1 miliar atau sekitar Rp18 triliun. Perusahaan belum mengambil keputusan mengenai waktu, lokasi, maupun valuasi IPO. Edward juga pernah menyampaikan bahwa perusahaan rintisan tidak seharusnya terburu-buru melantai di bursa dan perlu memastikan kesiapan bisnis sebelum menjadi perusahaan terbuka. Penambahan saham oleh pendiri dapat dibaca sebagai sinyal keyakinan terhadap prospek perusahaan. Di sisi lain, transaksi tersebut juga memberi ruang bagi investor lama untuk merealisasikan sebagian investasinya tanpa menunggu proses IPO. Persaingan bisnis kopi semakin ketat Prospek Kopi Kenangan tetap menghadapi sejumlah risiko. Industri kopi berjejaring di Indonesia semakin padat dengan kehadiran pemain lokal dan asing. Janji Jiwa disebut mengoperasikan sekitar 900 gerai, sementara Tomoro yang didukung modal dari China telah memiliki lebih dari 600 gerai. Fore Coffee juga mencatatkan pangsa nilai yang lebih tinggi dibandingkan Starbucks di Indonesia pada 2025, menurut Euromonitor. Jumlah gerai kopi bermerek di Indonesia diproyeksikan melampaui 10.400 gerai pada 2030. Kondisi tersebut menunjukkan besarnya peluang pasar, tetapi juga memperketat persaingan dalam hal lokasi, harga, inovasi produk, dan loyalitas pelanggan. Bagi Kopi Kenangan, keberhasilan mencapai target pertumbuhan dan laba pada 2026 akan menjadi faktor penting menjelang kemungkinan IPO. Jika target tersebut tercapai, keputusan pendiri dan investor awal untuk menambah saham dapat terlihat sebagai langkah strategis. Namun, pelemahan daya beli konsumen dapat membuat ekspansi agresif menjadi lebih berisiko. Share this: Share on Facebook (Opens in new window) Facebook Share on X (Opens in new window) X Like this: Like Loading…",Pendiri dan Investor Kopi Kenangan Tambah Kepemilikan Saham di Tengah Rencana IPO,2026-09-24T03:35:18+00:00,2026-09-24T03:35:18+00:00,Randi Eka
Akulaku dikabarkan telah mengajukan dokumen penawaran umum perdana saham atau IPO ke Bursa Hong Kong. Perusahaan teknologi penyedia layanan paylater y...,"Akulaku dikabarkan telah mengajukan dokumen penawaran umum perdana saham atau IPO ke Bursa Hong Kong. Perusahaan teknologi penyedia layanan paylater yang beroperasi utama di pasar Indonesia itu disebut menargetkan penghimpunan dana sebesar US$300 juta hingga US$500 juta. Informasi tersebut pertama kali dilaporkan IFR pada 1 September 2026. Sampai berita ini diterbitkan, informasi tersebut belum secara resmi diumumkan ke pubik, sehingga laporan keuangan dan rincian rencana penawaran belum tersedia. Akulaku juga belum memberikan konfirmasi resmi terkait rencana IPO tersebut. Akulaku didirikan pada 2016 dan dikenal melalui layanan paylater . Layanan tersebut memungkinkan pengguna membayar pembelian barang secara mencicil, termasuk perangkat elektronik, kebutuhan rumah tangga, dan kebutuhan sehari-hari. Selain bisnis paylater , Akulaku memiliki layanan pinjaman tunai Asetku serta perusahaan pembiayaan yang beroperasi di Indonesia. Grup ini juga memiliki sekitar 34 persen saham Bank Neo Commerce, bank digital yang tercatat di Bursa Efek Indonesia. Akulaku turut menjalankan bisnis di Filipina, Malaysia, dan Thailand. Di Filipina, perusahaan mengoperasikan bank digital berlisensi. Didukung Investor Besar Akulaku mendapatkan dukungan dari sejumlah investor besar Asia. Ant Group, perusahaan teknologi finansial yang terafiliasi dengan Alibaba, menjadi salah satu investor utama Akulaku. Mitsubishi UFJ Financial Group atau MUFG juga menanamkan investasi sebesar US$200 juta pada Akulaku pada Desember 2022. Sebelumnya, Siam Commercial Bank dari Thailand dilaporkan menginvestasikan US$100 juta ke perusahaan tersebut. Investasi MUFG pada 2022 disebut memberikan valuasi sekitar US$1,5 miliar kepada Akulaku. Sejumlah laporan pada 2025 kemudian menyebut valuasi perusahaan mendekati US$2 miliar. Namun, angka tersebut belum diuji melalui mekanisme pasar publik. Rencana IPO di Hong Kong menjadi upaya kedua Akulaku untuk melantai di bursa. Pada 2022, perusahaan sempat menjajaki pencatatan saham di New York melalui merger dengan perusahaan akuisisi bertujuan khusus atau SPAC. Rencana tersebut tidak berlanjut. Hong Kong Jadi Pilihan Hong Kong dinilai memiliki daya tarik lebih besar bagi perusahaan Asia yang ingin mengakses investor global. Bursa Hong Kong menghimpun dana IPO lebih dari HK$280 miliar pada 2025 dan kembali masuk jajaran pasar IPO terbesar di dunia. Pada paruh pertama 2026, nilai penghimpunan dana IPO di Hong Kong mencapai sekitar HK$210 miliar dari lebih dari 80 perusahaan. Kinerja tersebut menjadi pembukaan tahun terkuat bursa Hong Kong dalam lima tahun terakhir. Sejumlah perusahaan Asia Tenggara juga mulai mempertimbangkan Hong Kong sebagai lokasi pencatatan saham. Pilihan tersebut didorong oleh likuiditas pasar, akses terhadap investor Asia, serta kedekatan dengan jaringan modal China. Bagi Akulaku, pencatatan di Hong Kong juga dapat menjadi alternatif di tengah kondisi pasar modal Indonesia yang dinilai belum sepenuhnya mendukung perusahaan teknologi. Sejumlah perusahaan teknologi yang melantai di Bursa Efek Indonesia pada 2021 dan 2022 masih diperdagangkan di bawah harga penawaran perdananya. Tantangan Regulasi dan Profitabilitas Calon investor akan mencermati rekam jejak regulasi Akulaku dalam prospektus IPO. Pada Oktober 2023, Otoritas Jasa Keuangan membatasi perusahaan pembiayaan Akulaku untuk menyalurkan pinjaman paylater baru. Pembatasan tersebut diberlakukan setelah perusahaan dinilai belum menyelesaikan sejumlah perbaikan yang diminta regulator. OJK kemudian mencabut pembatasan pada akhir Februari 2024 setelah menerima rencana tindakan perbaikan dari Akulaku, termasuk terkait tata kelola dan manajemen risiko. Dari sisi kinerja, perusahaan pembiayaan Akulaku di Indonesia mencatat laba bersih sebesar Rp108 miliar pada 2025. Angka tersebut meningkat 66 persen dibandingkan tahun sebelumnya. Perusahaan juga menyalurkan pembiayaan baru sebesar Rp7,44 triliun pada tahun yang sama. Sekitar 89 persen dari penyaluran tersebut berasal dari layanan paylater. Namun, laporan keuangan konsolidasi yang mencakup kepemilikan Akulaku di Bank Neo Commerce dan bisnis internasionalnya belum tersedia untuk publik karena proses pengajuan IPO masih bersifat rahasia. Share this: Share on Facebook (Opens in new window) Facebook Share on X (Opens in new window) X Like this: Like Loading…","Akulaku Dikabarkan Ajukan IPO di Hong Kong, Targetkan Dana hingga US$500 Juta",2026-09-02T06:00:20+00:00,2026-09-02T06:00:20+00:00,Randi Eka
"Living Lab Ventures (LLV), unit venture capital milik Sinar Mas Land, mengumumkan bahwa Japan Thematic Fund (JTF) berinvestasi pada dua perusahaan, ya...","Living Lab Ventures (LLV), unit venture capital milik Sinar Mas Land, mengumumkan bahwa Japan Thematic Fund (JTF) berinvestasi pada dua perusahaan, yakni Bumame dari Indonesia dan TWO Inc dari Jepang. Investasi ini dilakukan bersama Spiral Ventures sebagai bagian dari strategi mendorong pengembangan sektor kesehatan dan wellness di Indonesia maupun Jepang. Bumame dikenal sebagai perusahaan layanan kesehatan yang semula berkembang lewat layanan tes PCR saat pandemi Covid-19. Seiring perubahan kebutuhan pasar, perusahaan tersebut kini memperluas bisnis ke layanan kesehatan preventif, seperti klinik, pemeriksaan kesehatan, skrining genomik, vaksinasi, dan layanan kunjungan ke rumah. Bumame disebut telah membuka empat klinik dalam waktu kurang dari dua tahun dan menargetkan ekspansi menjadi 10 hingga 20 klinik di wilayah Jabodetabek sebelum berekspansi lebih luas secara nasional. Pada Februari 2025, Bumame juga telah memperoleh pendanaan tahap awal yang dipimpin Alpha JWC Ventures dengan keterlibatan sejumlah pemodal ventura. Sementara itu, TWO Inc merupakan perusahaan asal Tokyo yang dikenal melalui merek 2foods. Perusahaan ini sebelumnya mengembangkan jaringan kafe makanan berbasis nabati, sebelum kemudian mengalihkan fokus bisnis ke produk pangan fungsional seperti gummy vitamin C dan minuman dengan kandungan ceramide. TWO Inc pada Juli 2026 mengumumkan penempatan saham senilai 500 juta yen, sehingga total dana yang telah dihimpun perusahaan mencapai 2,2 miliar yen. Namun, dalam pengumuman investasi JTF di Indonesia, nilai penyertaan modal ke TWO Inc maupun Bumame tidak dijelaskan secara rinci. Investasi ini dikaitkan dengan tema penuaan populasi dan meningkatnya kebutuhan terhadap layanan kesehatan yang lebih preventif dan terintegrasi. Mengutip proyeksi WHO, proporsi penduduk berusia 60 tahun ke atas di kawasan Asia Tenggara akan meningkat dari 11,3 persen pada 2024 menjadi 20,9 persen pada 2050. Di Indonesia, tren penuaan penduduk juga mulai terlihat. PS melaporkan 11,97 persen penduduk Indonesia pada 2025 berada pada kelompok usia 60 tahun ke atas, sementara proyeksi menuju 2045 berada di kisaran 20 persen. Japan Thematic Fund sendiri pertama kali diumumkan pada November 2025. Sejumlah investor yang disebut terlibat dalam pendanaan awal antara lain Bank Danamon, Rohto Pharmaceutical, Culture Convenience Club, dan Sinar Mas Land, dengan Cool Japan Fund sempat disebut sebagai salah satu nama penting di balik kendaraan investasi tersebut. Di sisi lain masa depan Cool Japan Fund tengah menjadi sorotan setelah dilaporkan tidak lagi dimasukkan dalam pengajuan anggaran fiskal 2027 oleh pemerintah Jepang. Kondisi ini menimbulkan pertanyaan terkait keberlanjutan komitmen lembaga tersebut terhadap Japan Thematic Fund ke depan. Bagi Sinar Mas Land, investasi melalui LLV tidak hanya berkaitan dengan potensi imbal hasil finansial, tetapi juga mendukung penguatan ekosistem inovasi di BSD City. Strategi ini terhubung dengan pengembangan D-HUB Special Economic Zone, kawasan ekonomi khusus yang difokuskan pada sektor kesehatan dan pendidikan di BSD City. Secara keseluruhan, investasi JTF ke Bumame dan TWO Inc menunjukkan arah minat investor terhadap layanan kesehatan preventif, pangan fungsional, dan gaya hidup sehat. Share this: Share on Facebook (Opens in new window) Facebook Share on X (Opens in new window) X Like this: Like Loading…",Living Lab Ventures Lewat Japan Thematic Fund Berinvestasi ke Bumame dan TWO Inc,2026-09-01T09:50:02+00:00,2026-09-01T09:50:02+00:00,Randi Eka
Gojek menjalin kerja sama dengan operator taksi ComfortDelGro untuk melayani pemesanan taksi berargo melalui fitur GoTaxi di Singapura. Dalam skema in...,"Gojek menjalin kerja sama dengan operator taksi ComfortDelGro untuk melayani pemesanan taksi berargo melalui fitur GoTaxi di Singapura. Dalam skema ini, pemesanan dari pengguna Gojek akan dipadankan dengan armada taksi milik ComfortDelGro guna memperluas ketersediaan kendaraan dan mempersingkat waktu tunggu penumpang. Kerja sama tersebut diumumkan pada 31 Agustus 2026, meski implementasinya disebut sudah mulai berjalan beberapa hari sebelumnya. Langkah ini memperluas kolaborasi kedua perusahaan yang sebelumnya telah dimulai sejak April 2024 , ketika armada ComfortDelGro mulai melayani pemesanan tarif tetap dari Gojek yang tidak diambil mitra pengemudi Gojek. Bagi Gojek, kerja sama ini membuka akses ke armada taksi yang lebih besar tanpa harus menambah insentif besar untuk menarik pengemudi baru. Sementara bagi ComfortDelGro, tambahan permintaan dari aplikasi Gojek dapat membantu meningkatkan utilisasi armada taksi yang tertekan oleh perubahan pasar transportasi di Singapura. Jumlah armada taksi di Singapura terus menyusut dalam satu dekade terakhir, dari sekitar 28.700 unit pada 2014 menjadi 12.134 unit pada Juli 2026. Sebaliknya, jumlah kendaraan private-hire terus meningkat hingga mendekati 98.000 unit, sehingga kompetisi di bisnis transportasi penumpang semakin bergeser ke layanan berbasis aplikasi. Kondisi itu ikut menekan kinerja bisnis taksi ComfortDelGro. Dalam naskah disebutkan armada taksi perusahaan di Singapura turun sekitar 5% menjadi 7.600 unit pada paruh pertama 2026, sementara laba operasional bisnis taksi pada kuartal pertama turun 45% menjadi 17,5 juta dolar Singapura. Di sisi lain, Singapura menjadi pasar luar negeri yang semakin penting bagi Gojek. Setelah keluar dari Thailand pada 2021 dan menghentikan operasinya di Vietnam pada 2024, Singapura kini menjadi pasar internasional utama yang masih dipertahankan Gojek di luar Indonesia. Kerja sama ini juga berlangsung di tengah tekanan yang dihadapi induk usaha Gojek, GoTo, di pasar domestik. GoTo baru membukukan laba bersih semesteran pertamanya pada Juli 2026, tetapi kemudian harus menyesuaikan target kinerja bisnis on-demand setelah kebijakan pembatasan komisi ojol di Indonesia mulai berlaku. Meski demikian, kemitraan di Singapura ini belum tentu langsung menambah jumlah kendaraan di jalan. Kerja sama tersebut pada dasarnya lebih berfokus pada redistribusi armada taksi yang ada ke dalam ekosistem aplikasi Gojek, sehingga dampak nyatanya terhadap pengalaman penumpang dan volume perjalanan masih perlu dilihat dalam beberapa waktu ke depan. Share this: Share on Facebook (Opens in new window) Facebook Share on X (Opens in new window) X Like this: Like Loading…","Gojek Perdalam Kerja Sama dengan ComfortDelGro, Perluas Akses Taksi di Singapura",2026-09-01T05:41:47+00:00,2026-09-01T05:41:47+00:00,Randi Eka
Salim Group mengakuisisi penuh kepemilikan Keppel Data Centres di perusahaan patungan (joint venture / JV) pusat data yang sebelumnya bernama IndoKepp...,"Salim Group mengakuisisi penuh kepemilikan Keppel Data Centres di perusahaan patungan (joint venture / JV)  pusat data yang sebelumnya bernama IndoKeppel Data Centres di Bogor, Jawa Barat. Setelah transaksi itu, entitas tersebut berganti nama menjadi IndoData Data Center. Transaksi akuisisi disebut berlangsung pada Desember 2025, sementara baru diumumkan resmi di publik pada 25 Agustus 2026 melalui pengumuman rebranding . Nilai transaksi belum diungkap ke publik dan hingga kini belum ada pernyataan resmi dari Keppel terkait pelepasan saham tersebut. Kerja sama Salim Group dan Keppel dimulai pada 2018 untuk mengembangkan kampus pusat data di lahan sekitar 7 hektare di Bogor. Saat itu, proyek dirancang memiliki kapasitas lebih dari 50 megawatt yang dibangun dalam tiga tahap. Namun, perkembangan proyek berlangsung lebih lambat dari rencana awal. Fase pertama baru mulai beroperasi pada 2022 dengan kapasitas sekitar 5 MW. Pada saat rebranding diumumkan, IndoData menyebut telah menambah kapasitas 6 MW untuk pelanggan hyperscale yang sudah ada. Dengan demikian, total kapasitas terbangun di lokasi tersebut saat ini sekitar 11 MW. Di tengah kapasitas yang masih terbatas itu, IndoData menyampaikan klaim ambisius. Perusahaan menyebut telah mengamankan pasokan listrik hingga 500 MW dari PLN untuk pengembangan kampus pusat data di lahan sekitar 30 hektare. IndoData juga menyasar perusahaan AI, penyedia cloud besar, dan pelanggan hyperscale melalui skema fasilitas built-to-suit. Namun, angka 500 MW itu masih perlu dicermati. Disebutkan bahwa kapasitas tersebut merujuk pada daya yang telah dikontrak, bukan kapasitas pusat data yang sudah dibangun dan beroperasi. Hingga saat ini, IndoData juga belum mengumumkan jadwal pengembangan rinci maupun nama penyewa utama untuk ekspansi dalam skala besar tersebut. Di pasar yang sama, persaingan bisnis pusat data di Indonesia sudah berkembang pesat. Tercatat kapasitas terpasang pusat data Indonesia pada 2026 mencapai sekitar 1,7 gigawatt. Sejumlah operator lain juga telah mengumumkan ekspansi besar, termasuk DayOne di Batam dan Princeton Digital Group di Indonesia. Bagi Keppel, pelepasan aset di Indonesia dinilai sejalan dengan strategi perusahaan yang dalam beberapa tahun terakhir aktif melakukan divestasi. Aset pusat data di Bogor merupakan satu-satunya eksposur langsung Keppel di sektor pusat data Indonesia, sehingga menjadi kandidat yang masuk akal untuk dilepas. Sementara itu, bagi Salim Group, langkah ini memperlihatkan minat yang lebih besar terhadap infrastruktur digital. Menarik juga disoroti keterkaitan Anthoni Salim dengan DCI Indonesia serta aset pendukung lain yang dimiliki grup, termasuk jaringan serat optik dan infrastruktur kabel, yang dapat memperkuat ekspansi di sektor pusat data. Meski begitu, tantangan utama IndoData tetap terletak pada eksekusi. Jarak antara klaim pasokan listrik hingga 500 MW dan kapasitas aktual sekitar 11 MW menunjukkan bahwa pengembangan proyek masih berada pada tahap awal. Ke depan, pasar akan menunggu realisasi pembangunan tambahan, kepastian tenant skala besar, dan kejelasan timeline ekspansi sebelum menilai seberapa besar potensi IndoData di industri pusat data Indonesia. Share this: Share on Facebook (Opens in new window) Facebook Share on X (Opens in new window) X Like this: Like Loading…",Salim Group Akuisisi Penuh Pusat Data Keppel di Bogor,2026-09-01T05:23:08+00:00,2026-09-01T05:23:08+00:00,Randi Eka
"SBI Holdings dari Jepang dikabarkan berencana menginvestasikan US$270 juta ke Ajaib, platform investasi digital asal Indonesia, dalam transaksi yang d...","SBI Holdings dari Jepang dikabarkan berencana menginvestasikan US$270 juta ke Ajaib, platform investasi digital asal Indonesia, dalam transaksi yang disebut sebagai penggalangan dana teknologi terbesar di Indonesia sejak 2022. Mengutip Nikkei Asia , investasi ini memberi SBI kepemilikan 20% di Ajaib sekaligus memperkuat posisinya di pasar aset digital Indonesia yang terus berkembang. Diperkirakan investasi ini akan menempatkan valuasi Ajaib di atas kisaran US$1 miliar yang pernah dicapai pada 2021, meski angka pastinya tidak diungkap. Ajaib bidik penguatan bisnis, SBI incar akses ke pasar pengguna muda Didirikan pada 2018 oleh Anderson Sumarli dan Yada Piyajomkwan, Ajaib tumbuh lewat layanan perdagangan saham yang menyasar investor ritel pemula dengan pendekatan yang sederhana dan berbasis aplikasi. Ajaib juga disebut telah memperluas layanan ke perdagangan kripto dan produk margin valas, serta mengklaim memiliki lebih dari 3 juta pengguna. Bagi SBI, masuk ke Ajaib membuka akses ke basis pengguna muda yang sudah akrab dengan investasi digital, sekaligus ke perizinan lokal yang mencakup pialang, perbankan, dan kripto. Di sisi lain, Ajaib mendapat tambahan modal dan dukungan mitra strategis yang dinilai memiliki infrastruktur penyelesaian transaksi yang lebih kuat. Pasar kripto Indonesia jadi daya tarik utama Salah satu alasan utama di balik transaksi ini adalah besarnya pasar kripto Indonesia. OJK mencatat 22,7 juta investor kripto terdaftar per Juni 2026, lebih dari dua kali lipat jumlah investor saham di Bursa Efek Indonesia yang disebut sekitar 10 juta. Sepanjang 2025, nilai transaksi aset digital di Indonesia mencapai Rp482 triliun. Selain itu, sejak Januari 2025 pengawasan aset kripto telah beralih dari Bappebti ke OJK, yang membuat industri ini makin dekat dengan kerangka regulasi sektor keuangan arus utama. Diketahui juga bahwa SBI cukup agresif berinovasi di sektor aset digital. Pada Juni, SBI meluncurkan JPYSC, stablecoin yen pertama di Jepang yang diterbitkan melalui trust bank, lalu pada Juli mengakuisisi 20% saham EDX Markets di Amerika Serikat. Menurut sumber, SBI dan Ajaib disebut berencana bekerja sama dalam sirkulasi JPYSC serta pengembangan bisnis kripto di luar pasar domestik masing-masing. Namun, peluang pemanfaatan stablecoin yen di Indonesia masih menghadapi tantangan karena hukum domestik hanya mengakui rupiah sebagai alat pembayaran di dalam negeri. Prospek besar, tetapi risikonya tetap ada Di tengah potensi pertumbuhan, pasar kripto Indonesia juga sedang menghadapi tekanan. Dalam semester pertama 2026, nilai transaksi kripto disebut turun 33,6% secara tahunan menjadi Rp151 triliun, meski jumlah investor tetap bertambah sekitar 2,5 juta akun dalam enam bulan. Karena itu, investasi SBI ke Ajaib bukan hanya soal ekspansi, tetapi juga pertaruhan jangka panjang pada infrastruktur, kepatuhan, dan distribusi layanan keuangan digital. Naskah tersebut menilai arah investasi baru di sektor teknologi Indonesia kini mulai bergeser, dari strategi pertumbuhan agresif menuju model bisnis yang lebih menekankan ketahanan, regulasi, dan infrastruktur pasar. Share this: Share on Facebook (Opens in new window) Facebook Share on X (Opens in new window) X Like this: Like Loading…","SBI Dikabarkan Siap Akuisisi 20% Saham Ajaib Senilai US$270 Juta, Bidik Pasar Kripto Lokal",2026-08-28T03:12:54+00:00,2026-08-28T03:12:54+00:00,Randi Eka
"Startup teknologi manajemen armada, McEasy, mengumumkan perolehan pendanaan seri B senilai US$9 juta dalam bentuk kombinasi ekuitas dan debt. Pendanaa...","Startup teknologi manajemen armada, McEasy , mengumumkan perolehan pendanaan seri B senilai US$9 juta dalam bentuk kombinasi ekuitas dan debt . Pendanaan ini akan digunakan untuk memperluas ekspansi bisnis ke kawasan Asia Tenggara serta memperkuat pengembangan teknologi berbasis machine learning . Mengutip Techinasia , pendanaan ekuitas dipimpin oleh firma modal ventura asal Singapura, Integra Partners. Sementara itu, fasilitas growth debt diberikan oleh InnoVen Capital . Sebelumnya, McEasy telah mendapatkan dukungan dari East Ventures dan Granite Asia pada putaran seed dan seri A. McEasy menyediakan platform digital untuk pengelolaan armada dan transportasi yang saat ini melayani lebih dari 2.000 operator armada. Perusahaan ini mencatat sekitar 350 juta kilometer pergerakan kendaraan komersial setiap bulan melalui pemanfaatan berbagai perangkat seperti GPS, kamera, sensor suhu, sensor bahan bakar, dan sistem pengaman pintu. Berbasis di Jakarta dan Surabaya, McEasy mengklaim telah mencapai profitabilitas operasional dengan status EBITDA positif serta mencatat margin dua digit. Sepanjang 2025, perusahaan juga melaporkan pertumbuhan annual recurring revenue (ARR) mendekati 100%. Dengan tambahan pendanaan ini, McEasy menargetkan perluasan pasar di luar Indonesia sekaligus meningkatkan kapabilitas analitik dan otomasi berbasis data untuk mendukung efisiensi operasional pelanggan di sektor logistik dan transportasi. Share this: Share on Facebook (Opens in new window) Facebook Share on X (Opens in new window) X Like this: Like Loading…",McEasy Raih Pendanaan Seri B US$9 Juta untuk Ekspansi Asia Tenggara,2026-08-04T03:48:01+00:00,2026-08-04T03:48:01+00:00,Randi Eka
"Mandiri Capital Indonesia (MCI) kembali aktif berinvestasi setelah menuntaskan peninjauan strategis, dengan DORÉ by LeTAO sebagai portofolio terbaruny...","Mandiri Capital Indonesia ( MCI ) kembali aktif berinvestasi setelah menuntaskan peninjauan strategis, dengan DORÉ by LeTAO sebagai portofolio terbarunya. Langkah ini menandai kembalinya MCI ke aktivitas investasi dengan fokus pada perusahaan yang dinilai memiliki fondasi bisnis kuat dan peluang pertumbuhan berkelanjutan. Investasi tersebut menjadi bagian dari strategi MCI untuk lebih selektif dalam memilih mitra usaha. Mengutip wawancara Dealstreetasia , MCI menekankan bahwa keputusan investasinya tidak hanya mempertimbangkan pertumbuhan, tetapi juga kualitas eksekusi, tata kelola, dan kemampuan perusahaan membangun merek yang dipercaya konsumen . DORÉ by LeTAO dipandang sejalan dengan pendekatan tersebut karena dinilai memiliki posisi yang kuat di pasar makanan dan minuman premium. MCI melihat karakter bisnis seperti ini penting untuk mendukung portofolio yang tidak hanya tumbuh cepat, tetapi juga tahan menghadapi perubahan pasar. Kembalinya MCI ke pasar investasi juga menunjukkan penyesuaian arah perusahaan setelah evaluasi internal. Melalui langkah ini, MCI ingin memperkuat perannya sebagai investor yang mendukung bisnis dengan fundamental solid dan potensi ekspansi jangka panjang. Bagi DORÉ by LeTAO, investasi dari MCI berpotensi membuka ruang pengembangan usaha yang lebih luas. Dukungan tersebut dapat memperkuat kapasitas perusahaan dalam memperluas jangkauan pasar sekaligus menjaga daya saing merek di tengah persaingan industri konsumsi. Share this: Share on Facebook (Opens in new window) Facebook Share on X (Opens in new window) X Like this: Like Loading…","MCI Kembali Berinvestasi dengan Strategi Baru, Suntik Pendanaan ke DORÉ by LeTAO",2026-07-14T02:04:25+00:00,2026-07-14T02:04:25+00:00,Randi Eka
